,0
0,BitRewards
1,Parkgene
2,Elysian
3,Pesetacoin
4,Ether-1
5,SportyCo
6,Niobio Cash
7,SF Capital
8,4NEW
9,Ethereum Cash
10,Exosis
11,MedicCoin
12,IGToken
13,Tokenbox
14,Freyrchain
15,ProCurrency
16,Couchain
17,Kora Network ...
18,RouletteToken
19,TokenDesk
20,Octoin Coin
21,SCRIV NETWORK
22,CryptoSoul
23,Bitblocks
24,e-Chat
25,Akroma
26,Thingschain
27,Neural Protocol
28,Italian Lira
29,DeltaChain
30,Ragnarok
31,Cryptrust
32,VikkyToken
33,Quantis Network
34,TRONCLASSIC
35,United Trader...
36,Blackmoon
37,Ternio
38,BridgeCoin
39,Bitcoin Private
40,Fluz Fluz
41,POPCHAIN
42,Pandacoin
43,Credo
44,Lykke
45,Waves Communi...
46,CommerceBlock
47,Mooncoin
48,ColossusXT
49,OVCODE
50,OTOCASH
51,PlayCoin [ERC20]
52,SureRemit
53,XTRABYTES
54,Sense
55,Starta
56,HorusPay
57,Flash
58,ShipChain
59,RealTract
60,Shivom
61,Internxt
62,Happycoin
63,DNotes
64,BitCrystals
65,Ties.DB
66,Paypex
67,Blocktrade Token
68,Nuggets
69,EnergiToken
70,Quark
71,ATLANT
72,Golos
73,Breezecoin
74,Amon
75,Trittium
76,Elite
77,XPA
78,BuzzCoin
79,Orbitcoin
80,Darcrus
81,Soarcoin
82,PikcioChain
83,Maxcoin
84,B3Coin
85,Bulwark
86,VeriME
87,e-Gulden
88,StrongHands
89,BitDegree
90,Indorse Token
91,AVINOC
92,Gentarium
93,Nerves
94,Ergo
95,MetaMorph
96,REBL
97,Seal Network
98,Karma
99,CannabisCoin
100,SounDAC
101,Doge Token
102,Eristica
103,ALQO
104,SoMee.Social
105,KARMA
106,Databits
107,DeviantCoin
108,AudioCoin
109,Utrum
110,Coinlancer
111,HyperStake
112,Commercium
113,Eroscoin
114,Ethbits
115,VULCANO
116,ANON
117,Ethouse
118,Shard
119,StarCoin
120,Travelflex
121,PRASM
122,Carboncoin
123,VIT
124,Cryptonite
125,Neutron
126,ATMChain
127,Mocrow
128,Auxilium
129,Kuende
130,PopularCoin
131,LiteDoge
132,PoSW Coin
133,Ubcoin Market
134,Deutsche eMark
135,GravityCoin
136,BitClave
137,EXMR
138,MyBit
139,Global Awards...
140,BlockCAT
141,Verify
142,ParallelCoin
143,Moneynet
144,RefToken
145,Invacio
146,FORCE
147,Tigereum
148,AirWire
149,SRCOIN
150,Auroracoin
151,MNPCoin
152,bitqy
153,GlobalToken
154,Fire Lotto
155,WandX
156,Rubies
157,Qwertycoin
158,Social Send
159,Banyan Network
160,Photon
161,Rentberry
162,TrumpCoin
163,DogeCash
164,Stipend
165,Bitstar
166,Emerald Crypto
167,CryCash
168,Cointorox
169,bitBTC
170,Vsync
171,Suretly
172,Magnet
173,AquariusCoin
174,Bitibu Coin
175,Bitether
176,BitRent
177,BoutsPro
178,Datarius Credit
179,Fabric Token
180,Elixir
181,Sp8de
182,PitisCoin
183,SixEleven
184,Iconiq Lab Token
185,Adelphoi
186,FirstCoin
187,Kobocoin
188,2GIVE
189,DraftCoin
190,HelloGold
191,Adzcoin
192,Leadcoin
193,BitWhite
194,Kind Ads Token
195,Stakinglab
196,FundRequest
197,Soniq
198,RPICoin
199,SkinCoin
200,Menlo One
201,MarteXcoin
202,electrumdark
203,CDMCOIN
204,Wispr
205,PlatinumBAR
206,EtherInc
207,Creditbit
208,Elementeum
209,GoHelpFund
210,CrowdWiz
211,BBSCoin
212,BTCtalkcoin
213,Innova
214,Posscoin
215,Condensate
216,Billionaire T...
217,Payfair
218,Litecoin Plus
219,Nitro
220,PureVidz
221,Paymon
222,GenesisX
223,Digitalcoin
224,SONDER
225,Natmin Pure E...
226,MoX
227,Tracto
228,Viuly
229,vSlice
230,Tidex Token
231,BitStation
232,Oceanlab
233,Ethereum Gold...
234,Zoomba
235,SteepCoin
236,Signatum
237,GuccioneCoin
238,Dragonglass
239,KZ Cash
240,Phonecoin
241,BoostCoin
242,CatoCoin
243,ConnectJob
244,GeyserCoin
245,Gossipcoin
246,Blakecoin
247,Ethereum Gold
248,Joincoin
249,Minereum
250,WELL
251,BOAT
252,Bulleon
253,PluraCoin
254,Safe Trade Coin
255,SmartCoin
256,Jin Coin
257,BunnyToken
258,IrishCoin
259,Olympic
260,TravelNote
261,Digital Money...
262,Eternity
263,NevaCoin
264,Californium
265,AdultChain
266,Agrolot
267,Qurito
268,PAWS Fund
269,Zayedcoin
270,MojoCoin
271,BumbaCoin
272,Centurion
273,Elysium
274,Dollarcoin
275,GambleCoin
276,Zealium
277,Sola Token
278,PyrexCoin
279,MASTERNET
280,CoinonatX
281,Cashcoin
282,Citadel
283,iBTC
284,BZLCOIN
285,Fintab
286,GreenMed
287,Qbic
288,BenjiRolls
289,FLiK
290,Prime-XI
291,UltraCoin
292,Iconic
293,Sharpe Platfo...
294,LiteBitcoin
295,Graphcoin
296,Bankcoin
297,EZOOW
298,Wild Beast Block
299,VectorAI
300,PLNcoin
301,Bitvolt
302,ROIyal Coin
303,Nekonium
304,CrevaCoin
305,SpectrumNetwork
306,Ourcoin
307,Concoin
308,Staker
309,Coinonat
310,AnarchistsPrime
311,Rocketcoin
312,ZB
313,DigiFinexToken
314,Reserve Rights
315,UNUS SED LEO
316,BitMax Token
317,DIPNET
318,BUMO
319,V-Dimension
320,WinToken
321,V Systems
322,GlitzKoin
323,QuickX Protocol
324,FairGame
325,DREP
326,OceanEx Token
327,YOU COIN
328,Baer Chain
329,Mindexcoin
330,Big Bang Game...
331,Atlas Protocol
332,Origo
333,Chromia
334,Trias
335,CoinEx Token
336,UnlimitedIP
337,WETH
338,ELA Coin
339,LightChain
340,CARAT
341,InvestDigital
342,Yuan Chain Coin
343,T.OS
344,Valor Token
345,Safe
346,InnovaMinex
347,Consentium
348,BlockStamp
349,Themis
350,Game Stars
351,KEY
352,Engine
353,CHEX
354,IOTW
355,Agoras Tokens
356,WEBN token
357,YouLive Coin
358,Ubique Chain ...
359,Qube
360,CoinMeet
361,M2O
362,ZEON
363,Bitex Global ...
364,OFCOIN
365,Zerobank
366,LemoChain
367,Celsius
368,Marginless
369,Social Lendin...
370,Bankera
371,DWS
372,Bitcoin Rhodium
373,MediBit
374,Alphacon
375,GSENetwork
376,HOT Token
377,Experience Token
378,MESSE TOKEN
379,GAMB
380,Bitcoin God
381,Gosama
382,Globalvillage...
383,MicroBitcoin
384,DEXON
385,CryptalDash
386,Bitcoin CZ
387,Candy
388,Airline & Lif...
389,OceanChain
390,Beldex
391,Infinity Econ...
392,RedFOX Labs
393,Aryacoin
394,Merebel
395,ORS Group
396,SDUSD
397,GNY
398,Infinitecoin
399,SuperEdge
400,SealBlock Token
401,SalPay
402,Netrum
403,Countinghouse
404,SpectrumCash
405,Elliot Coin
406,BZEdge
407,Hyper Pay
408,CEDEX Coin
409,Hybrid Block
410,RoboCalls
411,SegWit2x
412,Jinbi Token
413,Superior Coin
414,Eva Cash
415,Golos Gold
416,Wrapped Bitcoin
417,Ordocoin
418,Bidooh DOOH T...
419,StakeCubeCoin
420,MoneroV
421,One DEX
422,WINCOIN
423,BitStash
424,Animation Vis...
425,ShopZcoin
426,RabbitCoin
427,Bubble
428,Centaure
429,eosBLACK
430,CARDbuyers
431,Valuto
432,AvatarCoin
433,BTCMoon
434,SnipCoin
435,Budbo
436,BingoCoin
437,Pecunio
438,Crypto Improv...
439,OmenCoin
440,APOT
441,ROMToken
442,TOKOK
443,Boltt Coin
444,Hellenic Node
445,Toqqn
446,Fargocoin
447,Minex
448,SIGMAcoin
449,Cropcoin
450,EscrowCoin
451,Ultra Salescloud
452,Atlantis Blue...
453,Obitan Chain
454,VeriDocGlobal
455,CottonCoin
456,CariNet
457,Concierge Coin
458,ALLCOIN
459,Crypto Harbor...
460,Labh Coin
461,Delizia
462,Bgogo Token
463,Solareum
464,OOOBTC TOKEN
465,Decimated
466,Atlas Token
467,TRUNK COIN
